,precision,recall,f1-score,support
0,0.5525568181818182,0.8741573033707866,0.6771105308964317,890.0
1,0.8585858585858586,0.5190839694656488,0.6470028544243578,1310.0
accuracy,0.6627272727272727,0.6627272727272727,0.6627272727272727,0.6627272727272727
macro avg,0.7055713383838385,0.6966206364182177,0.6620566926603948,2200.0
weighted avg,0.7347832013314969,0.6627272727272727,0.6591827780880604,2200.0
